监测点编码,城市,省
1001A,北京,北京市
1001A,北京,北京市
1001A,北京,北京市
1001A,北京,北京市
1001A,北京,北京市
1001A,北京,北京市
1001A,北京,北京市
1001A,北京,北京市
1001A,北京,北京市
1001A,北京,北京市
1001A,北京,北京市
1001A,北京,北京市
1001A,北京,北京市
1001A,北京,北京市
1001A,北京,北京市
1001A,北京,北京市
1002A,北京,北京市
1002A,北京,北京市
1002A,北京,北京市
1002A,北京,北京市
1002A,北京,北京市
1002A,北京,北京市
1002A,北京,北京市
1002A,北京,北京市
1002A,北京,北京市
1002A,北京,北京市
1002A,北京,北京市
1002A,北京,北京市
1002A,北京,北京市
1002A,北京,北京市
1002A,北京,北京市
1002A,北京,北京市
1003A,北京,北京市
1003A,北京,北京市
1003A,北京,北京市
1003A,北京,北京市
1003A,北京,北京市
1003A,北京,北京市
1003A,北京,北京市
1003A,北京,北京市
1003A,北京,北京市
1003A,北京,北京市
1003A,北京,北京市
1003A,北京,北京市
1003A,北京,北京市
1003A,北京,北京市
1003A,北京,北京市
1003A,北京,北京市
1004A,北京,北京市
1004A,北京,北京市
1004A,北京,北京市
1004A,北京,北京市
1004A,北京,北京市
1004A,北京,北京市
1004A,北京,北京市
1004A,北京,北京市
1004A,北京,北京市
1004A,北京,北京市
1004A,北京,北京市
1004A,北京,北京市
1004A,北京,北京市
1004A,北京,北京市
1004A,北京,北京市
1004A,北京,北京市
1005A,北京,北京市
1005A,北京,北京市
1005A,北京,北京市
1005A,北京,北京市
1005A,北京,北京市
1005A,北京,北京市
1005A,北京,北京市
1005A,北京,北京市
1005A,北京,北京市
1005A,北京,北京市
1005A,北京,北京市
1005A,北京,北京市
1005A,北京,北京市
1005A,北京,北京市
1005A,北京,北京市
1005A,北京,北京市
1006A,北京,北京市
1006A,北京,北京市
1006A,北京,北京市
1006A,北京,北京市
1006A,北京,北京市
1006A,北京,北京市
1006A,北京,北京市
1006A,北京,北京市
1006A,北京,北京市
1006A,北京,北京市
1006A,北京,北京市
1006A,北京,北京市
1006A,北京,北京市
1006A,北京,北京市
1006A,北京,北京市
1006A,北京,北京市
1007A,北京,北京市
1007A,北京,北京市
1007A,北京,北京市
1007A,北京,北京市
1007A,北京,北京市
1007A,北京,北京市
1007A,北京,北京市
1007A,北京,北京市
1007A,北京,北京市
1007A,北京,北京市
1007A,北京,北京市
1007A,北京,北京市
1007A,北京,北京市
1007A,北京,北京市
1007A,北京,北京市
1007A,北京,北京市
1008A,北京,北京市
1008A,北京,北京市
1008A,北京,北京市
1008A,北京,北京市
1008A,北京,北京市
1008A,北京,北京市
1008A,北京,北京市
1008A,北京,北京市
1008A,北京,北京市
1008A,北京,北京市
1008A,北京,北京市
1008A,北京,北京市
1008A,北京,北京市
1008A,北京,北京市
1008A,北京,北京市
1008A,北京,北京市
1009A,北京,北京市
1009A,北京,北京市
1009A,北京,北京市
1009A,北京,北京市
1009A,北京,北京市
1009A,北京,北京市
1009A,北京,北京市
1009A,北京,北京市
1009A,北京,北京市
1009A,北京,北京市
1009A,北京,北京市
1009A,北京,北京市
1009A,北京,北京市
1009A,北京,北京市
1009A,北京,北京市
1009A,北京,北京市
1010A,北京,北京市
1010A,北京,北京市
1010A,北京,北京市
1010A,北京,北京市
1010A,北京,北京市
1010A,北京,北京市
1010A,北京,北京市
1010A,北京,北京市
1010A,北京,北京市
1010A,北京,北京市
1010A,北京,北京市
1010A,北京,北京市
1010A,北京,北京市
1010A,北京,北京市
1010A,北京,北京市
1010A,北京,北京市
1011A,北京,北京市
1011A,北京,北京市
1011A,北京,北京市
1011A,北京,北京市
1011A,北京,北京市
1011A,北京,北京市
1011A,北京,北京市
1011A,北京,北京市
1011A,北京,北京市
1011A,北京,北京市
1011A,北京,北京市
1011A,北京,北京市
1011A,北京,北京市
1011A,北京,北京市
1011A,北京,北京市
1011A,北京,北京市
1012A,北京,北京市
1012A,北京,北京市
1012A,北京,北京市
1012A,北京,北京市
1012A,北京,北京市
1012A,北京,北京市
1012A,北京,北京市
1012A,北京,北京市
1012A,北京,北京市
1012A,北京,北京市
1012A,北京,北京市
1012A,北京,北京市
1012A,北京,北京市
1012A,北京,北京市
1012A,北京,北京市
1012A,北京,北京市
1013A,天津,天津市
1013A,天津,天津市
1013A,天津,天津市
1013A,天津,天津市
1013A,天津,天津市
1013A,天津,天津市
1013A,天津,天津市
1013A,天津,天津市
1013A,天津,天津市
1013A,天津,天津市
1013A,天津,天津市
1013A,天津,天津市
1013A,天津,天津市
1013A,天津,天津市
1013A,天津,天津市
1013A,天津,天津市
1014A,天津,天津市
1014A,天津,天津市
1014A,天津,天津市
1014A,天津,天津市
1014A,天津,天津市
1014A,天津,天津市
1014A,天津,天津市
1014A,天津,天津市
1014A,天津,天津市
1014A,天津,天津市
1014A,天津,天津市
1014A,天津,天津市
1014A,天津,天津市
1014A,天津,天津市
1014A,天津,天津市
1014A,天津,天津市
1015A,天津,天津市
1015A,天津,天津市
1015A,天津,天津市
1015A,天津,天津市
1015A,天津,天津市
1015A,天津,天津市
1015A,天津,天津市
1015A,天津,天津市
1015A,天津,天津市
1015A,天津,天津市
1015A,天津,天津市
1015A,天津,天津市
1015A,天津,天津市
1015A,天津,天津市
1015A,天津,天津市
1015A,天津,天津市
1016A,天津,天津市
1016A,天津,天津市
1016A,天津,天津市
1016A,天津,天津市
1016A,天津,天津市
1016A,天津,天津市
1016A,天津,天津市
1016A,天津,天津市
1016A,天津,天津市
1016A,天津,天津市
1016A,天津,天津市
1016A,天津,天津市
1016A,天津,天津市
1016A,天津,天津市
1016A,天津,天津市
1016A,天津,天津市
1017A,天津,天津市
1017A,天津,天津市
1017A,天津,天津市
1017A,天津,天津市
1017A,天津,天津市
1017A,天津,天津市
1017A,天津,天津市
1017A,天津,天津市
1017A,天津,天津市
1017A,天津,天津市
1017A,天津,天津市
1017A,天津,天津市
1017A,天津,天津市
1017A,天津,天津市
1017A,天津,天津市
1017A,天津,天津市
1018A,天津,天津市
1018A,天津,天津市
1018A,天津,天津市
1018A,天津,天津市
1018A,天津,天津市
1018A,天津,天津市
1018A,天津,天津市
1018A,天津,天津市
1018A,天津,天津市
1018A,天津,天津市
1018A,天津,天津市
1018A,天津,天津市
1018A,天津,天津市
1018A,天津,天津市
1018A,天津,天津市
1018A,天津,天津市
1019A,天津,天津市
1019A,天津,天津市
1019A,天津,天津市
1019A,天津,天津市
1019A,天津,天津市
1019A,天津,天津市
1019A,天津,天津市
1019A,天津,天津市
1019A,天津,天津市
1019A,天津,天津市
1019A,天津,天津市
1019A,天津,天津市
1019A,天津,天津市
1019A,天津,天津市
1019A,天津,天津市
1019A,天津,天津市
1020A,天津,天津市
1020A,天津,天津市
1020A,天津,天津市
1020A,天津,天津市
1020A,天津,天津市
1020A,天津,天津市
1020A,天津,天津市
1020A,天津,天津市
1020A,天津,天津市
1020A,天津,天津市
1020A,天津,天津市
1020A,天津,天津市
1020A,天津,天津市
1020A,天津,天津市
1020A,天津,天津市
1020A,天津,天津市
1021A,天津,天津市
1021A,天津,天津市
1021A,天津,天津市
1021A,天津,天津市
1021A,天津,天津市
1021A,天津,天津市
1021A,天津,天津市
1021A,天津,天津市
1021A,天津,天津市
1021A,天津,天津市
1021A,天津,天津市
1021A,天津,天津市
1021A,天津,天津市
1021A,天津,天津市
1021A,天津,天津市
1021A,天津,天津市
1022A,天津,天津市
1022A,天津,天津市
1022A,天津,天津市
1022A,天津,天津市
1022A,天津,天津市
1022A,天津,天津市
1022A,天津,天津市
1022A,天津,天津市
1022A,天津,天津市
1022A,天津,天津市
1022A,天津,天津市
1022A,天津,天津市
1022A,天津,天津市
1022A,天津,天津市
1022A,天津,天津市
1022A,天津,天津市
1023A,天津,天津市
1023A,天津,天津市
1023A,天津,天津市
1023A,天津,天津市
1023A,天津,天津市
1023A,天津,天津市
1023A,天津,天津市
1023A,天津,天津市
1023A,天津,天津市
1023A,天津,天津市
1023A,天津,天津市
1023A,天津,天津市
1023A,天津,天津市
1023A,天津,天津市
1023A,天津,天津市
1023A,天津,天津市
1024A,天津,天津市
1024A,天津,天津市
1024A,天津,天津市
1024A,天津,天津市
1024A,天津,天津市
1024A,天津,天津市
1024A,天津,天津市
1024A,天津,天津市
1024A,天津,天津市
1024A,天津,天津市
1024A,天津,天津市
1024A,天津,天津市
1024A,天津,天津市
1024A,天津,天津市
1024A,天津,天津市
1024A,天津,天津市
1025A,天津,天津市
1025A,天津,天津市
1025A,天津,天津市
1025A,天津,天津市
1025A,天津,天津市
1025A,天津,天津市
1025A,天津,天津市
1025A,天津,天津市
1025A,天津,天津市
1025A,天津,天津市
1025A,天津,天津市
1025A,天津,天津市
1025A,天津,天津市
1025A,天津,天津市
1025A,天津,天津市
1025A,天津,天津市
1026A,天津,天津市
1026A,天津,天津市
1026A,天津,天津市
1026A,天津,天津市
1026A,天津,天津市
1026A,天津,天津市
1026A,天津,天津市
1026A,天津,天津市
1026A,天津,天津市
1026A,天津,天津市
1026A,天津,天津市
1026A,天津,天津市
1026A,天津,天津市
1026A,天津,天津市
1026A,天津,天津市
1026A,天津,天津市
1027A,天津,天津市
1027A,天津,天津市
1027A,天津,天津市
1027A,天津,天津市
1027A,天津,天津市
1027A,天津,天津市
1027A,天津,天津市
1027A,天津,天津市
1027A,天津,天津市
1027A,天津,天津市
1027A,天津,天津市
1027A,天津,天津市
1027A,天津,天津市
1027A,天津,天津市
1027A,天津,天津市
1027A,天津,天津市
1028A,石家庄,河北省
1029A,石家庄,河北省
1030A,石家庄,河北省
1031A,石家庄,河北省
1032A,石家庄,河北省
1033A,石家庄,河北省
1034A,石家庄,河北省
1035A,石家庄,河北省
1036A,唐山,河北省
1037A,唐山,河北省
1038A,唐山,河北省
1039A,唐山,河北省
1040A,唐山,河北省
1041A,唐山,河北省
1042A,秦皇岛,河北省
1043A,秦皇岛,河北省
1044A,秦皇岛,河北省
1045A,秦皇岛,河北省
1046A,秦皇岛,河北省
1047A,邯郸,河北省
1048A,邯郸,河北省
1049A,邯郸,河北省
1050A,邯郸,河北省
1051A,保定,河北省
1052A,保定,河北省
1053A,保定,河北省
1054A,保定,河北省
1055A,保定,河北省
1056A,保定,河北省
1057A,张家口,河北省
1058A,张家口,河北省
1059A,张家口,河北省
1060A,张家口,河北省
1061A,张家口,河北省
1062A,承德,河北省
1063A,承德,河北省
1064A,承德,河北省
1065A,承德,河北省
1066A,承德,河北省
1067A,廊坊,河北省
1068A,廊坊,河北省
1069A,廊坊,河北省
1070A,廊坊,河北省
1071A,沧州,河北省
1072A,沧州,河北省
1073A,沧州,河北省
1074A,衡水,河北省
1075A,衡水,河北省
1076A,衡水,河北省
1077A,邢台,河北省
1078A,邢台,河北省
1079A,邢台,河北省
1080A,邢台,河北省
1081A,太原,山西省
1082A,太原,山西省
1083A,太原,山西省
1084A,太原,山西省
1085A,太原,山西省
1086A,太原,山西省
1087A,太原,山西省
1088A,太原,山西省
1089A,太原,山西省
1090A,呼和浩特,内蒙古自治区
1091A,呼和浩特,内蒙古自治区
1092A,呼和浩特,内蒙古自治区
1093A,呼和浩特,内蒙古自治区
1094A,呼和浩特,内蒙古自治区
1095A,呼和浩特,内蒙古自治区
1096A,呼和浩特,内蒙古自治区
1097A,呼和浩特,内蒙古自治区
1098A,沈阳,辽宁省
1099A,沈阳,辽宁省
1100A,沈阳,辽宁省
1101A,沈阳,辽宁省
1102A,沈阳,辽宁省
1103A,沈阳,辽宁省
1104A,沈阳,辽宁省
1105A,沈阳,辽宁省
1106A,沈阳,辽宁省
1107A,沈阳,辽宁省
1108A,沈阳,辽宁省
1109A,大连,辽宁省
1110A,大连,辽宁省
1111A,大连,辽宁省
1112A,大连,辽宁省
1113A,大连,辽宁省
1114A,大连,辽宁省
1115A,大连,辽宁省
1116A,大连,辽宁省
1117A,大连,辽宁省
1118A,大连,辽宁省
1119A,长春,吉林省
1120A,长春,吉林省
1121A,长春,吉林省
1122A,长春,吉林省
1123A,长春,吉林省
1124A,长春,吉林省
1125A,长春,吉林省
1126A,长春,吉林省
1127A,长春,吉林省
1128A,长春,吉林省
1129A,哈尔滨,黑龙江省
1130A,哈尔滨,黑龙江省
1131A,哈尔滨,黑龙江省
1132A,哈尔滨,黑龙江省
1133A,哈尔滨,黑龙江省
1134A,哈尔滨,黑龙江省
1135A,哈尔滨,黑龙江省
1136A,哈尔滨,黑龙江省
1137A,哈尔滨,黑龙江省
1138A,哈尔滨,黑龙江省
1139A,哈尔滨,黑龙江省
1140A,哈尔滨,黑龙江省
1151A,南京,江苏省
1152A,南京,江苏省
1153A,南京,江苏省
1154A,南京,江苏省
1155A,南京,江苏省
1156A,南京,江苏省
1157A,南京,江苏省
1158A,南京,江苏省
1159A,南京,江苏省
1160A,苏州,江苏省
1161A,苏州,江苏省
1162A,苏州,江苏省
1163A,苏州,江苏省
1164A,苏州,江苏省
1165A,苏州,江苏省
1166A,苏州,江苏省
1167A,苏州,江苏省
1168A,南通,江苏省
1169A,南通,江苏省
1170A,南通,江苏省
1171A,南通,江苏省
1172A,南通,江苏省
1173A,连云港,江苏省
1174A,连云港,江苏省
1175A,连云港,江苏省
1176A,连云港,江苏省
1177A,徐州,江苏省
1178A,徐州,江苏省
1179A,徐州,江苏省
1180A,徐州,江苏省
1181A,徐州,江苏省
1182A,徐州,江苏省
1183A,徐州,江苏省
1184A,扬州,江苏省
1185A,扬州,江苏省
1186A,扬州,江苏省
1187A,扬州,江苏省
1188A,无锡,江苏省
1189A,无锡,江苏省
1190A,无锡,江苏省
1191A,无锡,江苏省
1192A,无锡,江苏省
1193A,无锡,江苏省
1194A,无锡,江苏省
1195A,无锡,江苏省
1196A,常州,江苏省
1197A,常州,江苏省
1198A,常州,江苏省
1199A,常州,江苏省
1200A,常州,江苏省
1201A,常州,江苏省
1202A,镇江,江苏省
1203A,镇江,江苏省
1204A,镇江,江苏省
1205A,镇江,江苏省
1206A,泰州,江苏省
1207A,泰州,江苏省
1208A,泰州,江苏省
1209A,泰州,江苏省
1210A,淮安,江苏省
1211A,淮安,江苏省
1212A,淮安,江苏省
1213A,淮安,江苏省
1214A,淮安,江苏省
1215A,盐城,江苏省
1216A,盐城,江苏省
1217A,盐城,江苏省
1218A,盐城,江苏省
1219A,宿迁,江苏省
1220A,宿迁,江苏省
1221A,宿迁,江苏省
1222A,宿迁,江苏省
1223A,杭州,浙江省
1224A,杭州,浙江省
1225A,杭州,浙江省
1226A,杭州,浙江省
1227A,杭州,浙江省
1228A,杭州,浙江省
1229A,杭州,浙江省
1230A,杭州,浙江省
1231A,杭州,浙江省
1232A,杭州,浙江省
1233A,杭州,浙江省
1234A,宁波,浙江省
1235A,宁波,浙江省
1236A,宁波,浙江省
1237A,宁波,浙江省
1238A,宁波,浙江省
1239A,宁波,浙江省
1240A,宁波,浙江省
1241A,宁波,浙江省
1242A,温州,浙江省
1243A,温州,浙江省
1244A,温州,浙江省
1245A,温州,浙江省
1246A,绍兴,浙江省
1247A,绍兴,浙江省
1248A,绍兴,浙江省
1249A,湖州,浙江省
1250A,湖州,浙江省
1251A,湖州,浙江省
1252A,嘉兴,浙江省
1253A,嘉兴,浙江省
1254A,嘉兴,浙江省
1255A,台州,浙江省
1256A,台州,浙江省
1257A,台州,浙江省
1258A,舟山,浙江省
1259A,舟山,浙江省
1260A,舟山,浙江省
1261A,金华,浙江省
1262A,金华,浙江省
1263A,金华,浙江省
1264A,衢州,浙江省
1265A,衢州,浙江省
1266A,衢州,浙江省
1267A,丽水,浙江省
1268A,丽水,浙江省
1269A,丽水,浙江省
1270A,合肥,安徽省
1271A,合肥,安徽省
1272A,合肥,安徽省
1273A,合肥,安徽省
1274A,合肥,安徽省
1275A,合肥,安徽省
1276A,合肥,安徽省
1277A,合肥,安徽省
1278A,合肥,安徽省
1279A,合肥,安徽省
1280A,福州,福建省
1281A,福州,福建省
1282A,福州,福建省
1283A,福州,福建省
1284A,福州,福建省
1285A,福州,福建省
1286A,厦门,福建省
1287A,厦门,福建省
1288A,厦门,福建省
1290A,南昌,江西省
1291A,南昌,江西省
1292A,南昌,江西省
1293A,南昌,江西省
1294A,南昌,江西省
1295A,南昌,江西省
1296A,南昌,江西省
1297A,南昌,江西省
1298A,南昌,江西省
1299A,济南,山东省
1300A,济南,山东省
1301A,济南,山东省
1302A,济南,山东省
1303A,济南,山东省
1304A,济南,山东省
1305A,济南,山东省
1306A,济南,山东省
1307A,青岛,山东省
1308A,青岛,山东省
1309A,青岛,山东省
1310A,青岛,山东省
1311A,青岛,山东省
1312A,青岛,山东省
1313A,青岛,山东省
1314A,青岛,山东省
1315A,青岛,山东省
1316A,郑州,河南省
1317A,郑州,河南省
1318A,郑州,河南省
1319A,郑州,河南省
1320A,郑州,河南省
1321A,郑州,河南省
1322A,郑州,河南省
1323A,郑州,河南省
1324A,郑州,河南省
1325A,武汉,湖北省
1326A,武汉,湖北省
1327A,武汉,湖北省
1328A,武汉,湖北省
1329A,武汉,湖北省
1330A,武汉,湖北省
1331A,武汉,湖北省
1332A,武汉,湖北省
1333A,武汉,湖北省
1334A,武汉,湖北省
1335A,长沙,湖南省
1336A,长沙,湖南省
1337A,长沙,湖南省
1338A,长沙,湖南省
1339A,长沙,湖南省
1340A,长沙,湖南省
1341A,长沙,湖南省
1342A,长沙,湖南省
1343A,长沙,湖南省
1344A,长沙,湖南省
1345A,广州,广东省
1346A,广州,广东省
1347A,广州,广东省
1348A,广州,广东省
1349A,广州,广东省
1350A,广州,广东省
1351A,广州,广东省
1352A,广州,广东省
1353A,广州,广东省
1354A,广州,广东省
1355A,广州,广东省
1356A,深圳,广东省
1357A,深圳,广东省
1358A,深圳,广东省
1359A,深圳,广东省
1360A,深圳,广东省
1361A,深圳,广东省
1362A,深圳,广东省
1363A,深圳,广东省
1364A,深圳,广东省
1365A,深圳,广东省
1366A,深圳,广东省
1367A,珠海,广东省
1368A,珠海,广东省
1369A,珠海,广东省
1370A,珠海,广东省
1371A,佛山,广东省
1372A,佛山,广东省
1373A,佛山,广东省
1374A,佛山,广东省
1375A,佛山,广东省
1376A,佛山,广东省
1377A,佛山,广东省
1378A,佛山,广东省
1379A,中山,广东省
1380A,中山,广东省
1381A,中山,广东省
1382A,中山,广东省
1383A,江门,广东省
1384A,江门,广东省
1385A,江门,广东省
1386A,江门,广东省
1387A,东莞,广东省
1388A,东莞,广东省
1389A,东莞,广东省
1390A,东莞,广东省
1391A,东莞,广东省
1392A,惠州,广东省
1393A,惠州,广东省
1394A,惠州,广东省
1395A,惠州,广东省
1396A,惠州,广东省
1397A,肇庆,广东省
1398A,肇庆,广东省
1399A,肇庆,广东省
1400A,肇庆,广东省
1401A,南宁,广西壮族自治区
1402A,南宁,广西壮族自治区
1403A,南宁,广西壮族自治区
1404A,南宁,广西壮族自治区
1405A,南宁,广西壮族自治区
1406A,南宁,广西壮族自治区
1407A,南宁,广西壮族自治区
1408A,南宁,广西壮族自治区
1409A,海口,海南省
1410A,海口,海南省
1411A,海口,海南省
1412A,海口,海南省
1413A,海口,海南省
1431A,成都,四川省
1432A,成都,四川省
1433A,成都,四川省
1434A,成都,四川省
1435A,成都,四川省
1436A,成都,四川省
1437A,成都,四川省
1438A,成都,四川省
1439A,贵阳,贵州省
1440A,贵阳,贵州省
1441A,贵阳,贵州省
1442A,贵阳,贵州省
1443A,贵阳,贵州省
1444A,贵阳,贵州省
1445A,贵阳,贵州省
1446A,贵阳,贵州省
1447A,贵阳,贵州省
1449A,昆明,云南省
1450A,昆明,云南省
1451A,昆明,云南省
1452A,昆明,云南省
1453A,昆明,云南省
1454A,昆明,云南省
1455A,昆明,云南省
1456A,拉萨,西藏自治区
1457A,拉萨,西藏自治区
1458A,拉萨,西藏自治区
1459A,拉萨,西藏自治区
1460A,拉萨,西藏自治区
1461A,拉萨,西藏自治区
1462A,西安,陕西省
1463A,西安,陕西省
1464A,西安,陕西省
1465A,西安,陕西省
1466A,西安,陕西省
1467A,西安,陕西省
1468A,西安,陕西省
1469A,西安,陕西省
1470A,西安,陕西省
1471A,西安,陕西省
1472A,西安,陕西省
1473A,西安,陕西省
1474A,西安,陕西省
1475A,兰州,甘肃省
1476A,兰州,甘肃省
1477A,兰州,甘肃省
1478A,兰州,甘肃省
1479A,兰州,甘肃省
1480A,西宁,青海省
1481A,西宁,青海省
1482A,西宁,青海省
1483A,西宁,青海省
1484A,银川,宁夏回族自治区
1485A,银川,宁夏回族自治区
1486A,银川,宁夏回族自治区
1487A,银川,宁夏回族自治区
1488A,银川,宁夏回族自治区
1489A,银川,宁夏回族自治区
1490A,乌鲁木齐,新疆维吾尔自治区
1491A,乌鲁木齐,新疆维吾尔自治区
1492A,乌鲁木齐,新疆维吾尔自治区
1493A,乌鲁木齐,新疆维吾尔自治区
1494A,乌鲁木齐,新疆维吾尔自治区
1495A,乌鲁木齐,新疆维吾尔自治区
1496A,乌鲁木齐,新疆维吾尔自治区
1508A,湘潭,湖南省
1511A,湘潭,湖南省
1512A,湘潭,湖南省
1513A,湘潭,湖南省
1514A,湘潭,湖南省
1515A,株洲,湖南省
1518A,株洲,湖南省
1519A,株洲,湖南省
1520A,株洲,湖南省
1524A,株洲,湖南省
1552A,贵阳,贵州省
1559A,株洲,湖南省
1562A,湘潭,湖南省
1564A,湘潭,湖南省
1585A,包头,内蒙古自治区
1586A,包头,内蒙古自治区
1587A,包头,内蒙古自治区
1588A,包头,内蒙古自治区
1589A,包头,内蒙古自治区
1590A,包头,内蒙古自治区
1591A,鄂尔多斯,内蒙古自治区
1592A,鄂尔多斯,内蒙古自治区
1593A,鄂尔多斯,内蒙古自治区
1594A,鄂尔多斯,内蒙古自治区
1595A,鄂尔多斯,内蒙古自治区
1596A,营口,辽宁省
1597A,营口,辽宁省
1598A,营口,辽宁省
1599A,营口,辽宁省
1600A,丹东,辽宁省
1601A,丹东,辽宁省
1602A,丹东,辽宁省
1603A,丹东,辽宁省
1604A,盘锦,辽宁省
1605A,盘锦,辽宁省
1606A,盘锦,辽宁省
1607A,葫芦岛,辽宁省
1608A,葫芦岛,辽宁省
1609A,葫芦岛,辽宁省
1610A,葫芦岛,辽宁省
1611A,泉州,福建省
1612A,泉州,福建省
1613A,泉州,福建省
1614A,泉州,福建省
1615A,济南,山东省
1616A,济南,山东省
1617A,济南,山东省
1618A,临沂,山东省
1619A,临沂,山东省
1620A,临沂,山东省
1621A,临沂,山东省
1622A,德州,山东省
1623A,德州,山东省
1624A,德州,山东省
1625A,聊城,山东省
1626A,聊城,山东省
1627A,聊城,山东省
1628A,滨州,山东省
1629A,滨州,山东省
1630A,滨州,山东省
1631A,淄博,山东省
1632A,淄博,山东省
1633A,淄博,山东省
1634A,淄博,山东省
1635A,淄博,山东省
1636A,淄博,山东省
1637A,枣庄,山东省
1638A,枣庄,山东省
1639A,枣庄,山东省
1640A,枣庄,山东省
1641A,枣庄,山东省
1642A,烟台,山东省
1643A,烟台,山东省
1644A,烟台,山东省
1645A,烟台,山东省
1646A,烟台,山东省
1647A,烟台,山东省
1648A,潍坊,山东省
1649A,潍坊,山东省
1650A,潍坊,山东省
1651A,潍坊,山东省
1652A,潍坊,山东省
1653A,济宁,山东省
1654A,济宁,山东省
1655A,济宁,山东省
1656A,泰安,山东省
1657A,泰安,山东省
1658A,泰安,山东省
1659A,日照,山东省
1660A,日照,山东省
1661A,日照,山东省
1662A,威海,山东省
1663A,威海,山东省
1664A,威海,山东省
1665A,东营,山东省
1666A,东营,山东省
1667A,东营,山东省
1668A,东营,山东省
1669A,韶关,广东省
1670A,韶关,广东省
1671A,韶关,广东省
1672A,韶关,广东省
1673A,韶关,广东省
1674A,汕头,广东省
1675A,汕头,广东省
1676A,汕头,广东省
1677A,汕头,广东省
1678A,汕头,广东省
1679A,汕头,广东省
1680A,湛江,广东省
1681A,湛江,广东省
1682A,湛江,广东省
1683A,湛江,广东省
1684A,湛江,广东省
1685A,湛江,广东省
1686A,茂名,广东省
1687A,茂名,广东省
1688A,茂名,广东省
1689A,茂名,广东省
1690A,梅州,广东省
1691A,梅州,广东省
1692A,梅州,广东省
1693A,汕尾,广东省
1694A,汕尾,广东省
1695A,汕尾,广东省
1696A,河源,广东省
1697A,河源,广东省
1698A,河源,广东省
1699A,阳江,广东省
1700A,阳江,广东省
1701A,阳江,广东省
1702A,清远,广东省
1703A,清远,广东省
1704A,清远,广东省
1705A,潮州,广东省
1706A,潮州,广东省
1707A,潮州,广东省
1708A,揭阳,广东省
1709A,揭阳,广东省
1710A,揭阳,广东省
1711A,揭阳,广东省
1712A,云浮,广东省
1713A,云浮,广东省
1714A,云浮,广东省
1715A,玉溪,云南省
1716A,玉溪,云南省
1717A,玉溪,云南省
1718A,菏泽,山东省
1719A,菏泽,山东省
1720A,菏泽,山东省
1721A,大同,山西省
1722A,大同,山西省
1723A,大同,山西省
1724A,大同,山西省
1725A,大同,山西省
1726A,大同,山西省
1727A,长治,山西省
1728A,长治,山西省
1729A,长治,山西省
1730A,长治,山西省
1731A,长治,山西省
1732A,临汾,山西省
1733A,临汾,山西省
1734A,临汾,山西省
1735A,临汾,山西省
1736A,临汾,山西省
1737A,临汾,山西省
1738A,阳泉,山西省
1739A,阳泉,山西省
1740A,阳泉,山西省
1741A,阳泉,山西省
1742A,阳泉,山西省
1743A,阳泉,山西省
1744A,赤峰,内蒙古自治区
1745A,赤峰,内蒙古自治区
1746A,赤峰,内蒙古自治区
1747A,赤峰,内蒙古自治区
1748A,鞍山,辽宁省
1749A,鞍山,辽宁省
1750A,鞍山,辽宁省
1751A,鞍山,辽宁省
1752A,鞍山,辽宁省
1753A,鞍山,辽宁省
1754A,鞍山,辽宁省
1755A,抚顺,辽宁省
1756A,抚顺,辽宁省
1757A,抚顺,辽宁省
1758A,抚顺,辽宁省
1759A,抚顺,辽宁省
1760A,抚顺,辽宁省
1761A,本溪,辽宁省
1762A,本溪,辽宁省
1763A,本溪,辽宁省
1764A,本溪,辽宁省
1765A,本溪,辽宁省
1766A,本溪,辽宁省
1767A,锦州,辽宁省
1768A,锦州,辽宁省
1769A,锦州,辽宁省
1770A,锦州,辽宁省
1771A,锦州,辽宁省
1772A,吉林,吉林省
1773A,吉林,吉林省
1774A,吉林,吉林省
1775A,吉林,吉林省
1776A,吉林,吉林省
1778A,吉林,吉林省
1779A,齐齐哈尔,黑龙江省
1780A,齐齐哈尔,黑龙江省
1781A,齐齐哈尔,黑龙江省
1782A,齐齐哈尔,黑龙江省
1783A,齐齐哈尔,黑龙江省
1784A,牡丹江,黑龙江省
1785A,牡丹江,黑龙江省
1786A,牡丹江,黑龙江省
1787A,牡丹江,黑龙江省
1788A,牡丹江,黑龙江省
1789A,大庆,黑龙江省
1790A,大庆,黑龙江省
1791A,大庆,黑龙江省
1792A,大庆,黑龙江省
1793A,大庆,黑龙江省
1794A,芜湖,安徽省
1795A,芜湖,安徽省
1796A,芜湖,安徽省
1797A,芜湖,安徽省
1798A,马鞍山,安徽省
1799A,马鞍山,安徽省
1800A,马鞍山,安徽省
1801A,马鞍山,安徽省
1802A,马鞍山,安徽省
1803A,九江,江西省
1804A,九江,江西省
1805A,九江,江西省
1806A,九江,江西省
1807A,九江,江西省
1808A,九江,江西省
1809A,九江,江西省
1810A,九江,江西省
1811A,洛阳,河南省
1812A,洛阳,河南省
1813A,洛阳,河南省
1814A,洛阳,河南省
1815A,洛阳,河南省
1816A,洛阳,河南省
1817A,洛阳,河南省
1818A,安阳,河南省
1819A,安阳,河南省
1820A,安阳,河南省
1821A,安阳,河南省
1822A,安阳,河南省
1823A,开封,河南省
1824A,开封,河南省
1825A,开封,河南省
1826A,开封,河南省
1827A,焦作,河南省
1828A,焦作,河南省
1829A,焦作,河南省
1830A,焦作,河南省
1831A,平顶山,河南省
1832A,平顶山,河南省
1833A,平顶山,河南省
1834A,平顶山,河南省
1835A,三门峡,河南省
1836A,三门峡,河南省
1837A,三门峡,河南省
1838A,三门峡,河南省
1839A,宜昌,湖北省
1840A,宜昌,湖北省
1841A,宜昌,湖北省
1842A,宜昌,湖北省
1843A,宜昌,湖北省
1844A,荆州,湖北省
1845A,荆州,湖北省
1846A,荆州,湖北省
1847A,岳阳,湖南省
1848A,岳阳,湖南省
1849A,岳阳,湖南省
1850A,岳阳,湖南省
1851A,岳阳,湖南省
1852A,岳阳,湖南省
1853A,常德,湖南省
1854A,常德,湖南省
1855A,常德,湖南省
1856A,常德,湖南省
1857A,常德,湖南省
1858A,张家界,湖南省
1859A,张家界,湖南省
1860A,张家界,湖南省
1861A,张家界,湖南省
1862A,桂林,广西壮族自治区
1863A,桂林,广西壮族自治区
1864A,桂林,广西壮族自治区
1865A,桂林,广西壮族自治区
1866A,北海,广西壮族自治区
1867A,北海,广西壮族自治区
1868A,北海,广西壮族自治区
1869A,北海,广西壮族自治区
1870A,柳州,广西壮族自治区
1871A,柳州,广西壮族自治区
1872A,柳州,广西壮族自治区
1873A,柳州,广西壮族自治区
1874A,柳州,广西壮族自治区
1875A,柳州,广西壮族自治区
1876A,三亚,海南省
1877A,三亚,海南省
1878A,绵阳,四川省
1879A,绵阳,四川省
1880A,绵阳,四川省
1881A,绵阳,四川省
1882A,宜宾,四川省
1883A,宜宾,四川省
1884A,宜宾,四川省
1885A,宜宾,四川省
1886A,宜宾,四川省
1887A,宜宾,四川省
1888A,攀枝花,四川省
1889A,攀枝花,四川省
1890A,攀枝花,四川省
1891A,攀枝花,四川省
1893A,泸州,四川省
1894A,泸州,四川省
1895A,泸州,四川省
1896A,泸州,四川省
1897A,自贡,四川省
1898A,自贡,四川省
1899A,自贡,四川省
1900A,自贡,四川省
1901A,德阳,四川省
1902A,德阳,四川省
1903A,德阳,四川省
1904A,德阳,四川省
1905A,南充,四川省
1906A,南充,四川省
1907A,南充,四川省
1908A,南充,四川省
1909A,南充,四川省
1910A,南充,四川省
1911A,遵义,贵州省
1912A,遵义,贵州省
1913A,遵义,贵州省
1914A,遵义,贵州省
1915A,遵义,贵州省
1916A,曲靖,云南省
1917A,曲靖,云南省
1918A,咸阳,陕西省
1919A,咸阳,陕西省
1920A,咸阳,陕西省
1921A,咸阳,陕西省
1922A,铜川,陕西省
1923A,铜川,陕西省
1924A,铜川,陕西省
1925A,铜川,陕西省
1926A,延安,陕西省
1927A,延安,陕西省
1928A,延安,陕西省
1929A,延安,陕西省
1930A,宝鸡,陕西省
1931A,宝鸡,陕西省
1932A,宝鸡,陕西省
1933A,宝鸡,陕西省
1934A,宝鸡,陕西省
1935A,宝鸡,陕西省
1936A,宝鸡,陕西省
1937A,宝鸡,陕西省
1938A,渭南,陕西省
1939A,渭南,陕西省
1940A,渭南,陕西省
1941A,渭南,陕西省
1942A,金昌,甘肃省
1943A,金昌,甘肃省
1944A,金昌,甘肃省
1945A,嘉峪关,甘肃省
1947A,石嘴山,宁夏回族自治区
1948A,石嘴山,宁夏回族自治区
1949A,石嘴山,宁夏回族自治区
1950A,石嘴山,宁夏回族自治区
1951A,克拉玛依,新疆维吾尔自治区
1952A,克拉玛依,新疆维吾尔自治区
1953A,克拉玛依,新疆维吾尔自治区
1954A,克拉玛依,新疆维吾尔自治区
1955A,克拉玛依,新疆维吾尔自治区
1961A,济南,山东省
1966A,青岛,山东省
1982A,威海,山东省
2031A,株洲,湖南省
2054A,信阳,河南省
2064A,信阳,河南省
2065A,信阳,河南省
2066A,信阳,河南省
2067A,周口,河南省
2068A,周口,河南省
2069A,周口,河南省
2070A,周口,河南省
2073A,漳州,福建省
2074A,漳州,福建省
2075A,漳州,福建省
2160A,晋城,山西省
2161A,晋城,山西省
2162A,晋城,山西省
2163A,晋城,山西省
2164A,晋城,山西省
2165A,晋城,山西省
2166A,朔州,山西省
2167A,朔州,山西省
2168A,朔州,山西省
2169A,朔州,山西省
2170A,朔州,山西省
2171A,晋中,山西省
2172A,晋中,山西省
2173A,晋中,山西省
2174A,晋中,山西省
2175A,运城,山西省
2176A,运城,山西省
2177A,运城,山西省
2178A,运城,山西省
2179A,运城,山西省
2180A,忻州,山西省
2181A,忻州,山西省
2182A,忻州,山西省
2183A,吕梁,山西省
2184A,吕梁,山西省
2185A,吕梁,山西省
2186A,乌海,内蒙古自治区
2187A,乌海,内蒙古自治区
2188A,乌海,内蒙古自治区
2189A,通辽,内蒙古自治区
2190A,通辽,内蒙古自治区
2191A,通辽,内蒙古自治区
2192A,呼伦贝尔,内蒙古自治区
2193A,呼伦贝尔,内蒙古自治区
2194A,巴彦淖尔,内蒙古自治区
2195A,巴彦淖尔,内蒙古自治区
2196A,巴彦淖尔,内蒙古自治区
2197A,乌兰察布,内蒙古自治区
2198A,乌兰察布,内蒙古自治区
2207A,阜新,辽宁省
2208A,阜新,辽宁省
2209A,阜新,辽宁省
2210A,阜新,辽宁省
2211A,阜新,辽宁省
2212A,辽阳,辽宁省
2213A,辽阳,辽宁省
2214A,辽阳,辽宁省
2215A,辽阳,辽宁省
2216A,铁岭,辽宁省
2217A,铁岭,辽宁省
2218A,铁岭,辽宁省
2219A,铁岭,辽宁省
2220A,朝阳,辽宁省
2221A,朝阳,辽宁省
2222A,朝阳,辽宁省
2223A,朝阳,辽宁省
2224A,四平,吉林省
2225A,四平,吉林省
2226A,四平,吉林省
2227A,辽源,吉林省
2228A,辽源,吉林省
2229A,通化,吉林省
2230A,通化,吉林省
2231A,白山,吉林省
2232A,白山,吉林省
2233A,松原,吉林省
2234A,松原,吉林省
2235A,白城,吉林省
2236A,白城,吉林省
2240A,鸡西,黑龙江省
2241A,鸡西,黑龙江省
2242A,鸡西,黑龙江省
2243A,鸡西,黑龙江省
2244A,鹤岗,黑龙江省
2245A,鹤岗,黑龙江省
2246A,鹤岗,黑龙江省
2247A,鹤岗,黑龙江省
2248A,双鸭山,黑龙江省
2249A,双鸭山,黑龙江省
2250A,双鸭山,黑龙江省
2251A,双鸭山,黑龙江省
2252A,伊春,黑龙江省
2253A,伊春,黑龙江省
2254A,伊春,黑龙江省
2255A,佳木斯,黑龙江省
2256A,佳木斯,黑龙江省
2257A,佳木斯,黑龙江省
2258A,佳木斯,黑龙江省
2259A,佳木斯,黑龙江省
2260A,七台河,黑龙江省
2261A,七台河,黑龙江省
2262A,七台河,黑龙江省
2263A,黑河,黑龙江省
2264A,黑河,黑龙江省
2265A,黑河,黑龙江省
2266A,绥化,黑龙江省
2267A,绥化,黑龙江省
2270A,蚌埠,安徽省
2271A,蚌埠,安徽省
2272A,蚌埠,安徽省
2273A,蚌埠,安徽省
2274A,蚌埠,安徽省
2275A,蚌埠,安徽省
2276A,淮南,安徽省
2277A,淮南,安徽省
2278A,淮南,安徽省
2279A,淮南,安徽省
2280A,淮南,安徽省
2281A,淮南,安徽省
2282A,淮北,安徽省
2283A,淮北,安徽省
2284A,淮北,安徽省
2285A,铜陵,安徽省
2286A,铜陵,安徽省
2287A,铜陵,安徽省
2288A,铜陵,安徽省
2289A,铜陵,安徽省
2290A,铜陵,安徽省
2291A,安庆,安徽省
2292A,安庆,安徽省
2293A,安庆,安徽省
2294A,安庆,安徽省
2295A,黄山,安徽省
2296A,黄山,安徽省
2297A,黄山,安徽省
2298A,滁州,安徽省
2299A,滁州,安徽省
2300A,滁州,安徽省
2301A,阜阳,安徽省
2302A,阜阳,安徽省
2303A,阜阳,安徽省
2304A,宿州,安徽省
2305A,宿州,安徽省
2306A,宿州,安徽省
2307A,六安,安徽省
2308A,六安,安徽省
2309A,六安,安徽省
2310A,六安,安徽省
2311A,亳州,安徽省
2312A,亳州,安徽省
2313A,池州,安徽省
2314A,池州,安徽省
2315A,池州,安徽省
2316A,宣城,安徽省
2317A,宣城,安徽省
2318A,宣城,安徽省
2319A,莆田,福建省
2320A,莆田,福建省
2321A,莆田,福建省
2322A,莆田,福建省
2323A,莆田,福建省
2324A,三明,福建省
2325A,三明,福建省
2326A,三明,福建省
2327A,三明,福建省
2331A,南平,福建省
2332A,南平,福建省
2333A,南平,福建省
2334A,南平,福建省
2335A,龙岩,福建省
2336A,龙岩,福建省
2337A,龙岩,福建省
2338A,龙岩,福建省
2339A,宁德,福建省
2340A,宁德,福建省
2341A,宁德,福建省
2342A,景德镇,江西省
2343A,景德镇,江西省
2344A,景德镇,江西省
2345A,景德镇,江西省
2346A,景德镇,江西省
2347A,萍乡,江西省
2348A,萍乡,江西省
2349A,萍乡,江西省
2350A,萍乡,江西省
2351A,萍乡,江西省
2352A,新余,江西省
2353A,新余,江西省
2354A,新余,江西省
2355A,新余,江西省
2356A,新余,江西省
2357A,鹰潭,江西省
2358A,鹰潭,江西省
2359A,鹰潭,江西省
2360A,鹰潭,江西省
2361A,鹰潭,江西省
2362A,赣州,江西省
2363A,赣州,江西省
2364A,赣州,江西省
2365A,赣州,江西省
2366A,赣州,江西省
2367A,吉安,江西省
2368A,吉安,江西省
2369A,吉安,江西省
2370A,吉安,江西省
2371A,宜春,江西省
2372A,宜春,江西省
2373A,宜春,江西省
2374A,宜春,江西省
2375A,宜春,江西省
2376A,抚州,江西省
2377A,抚州,江西省
2378A,抚州,江西省
2379A,抚州,江西省
2380A,抚州,江西省
2381A,上饶,江西省
2382A,上饶,江西省
2383A,上饶,江西省
2384A,上饶,江西省
2385A,鹤壁,河南省
2386A,鹤壁,河南省
2387A,鹤壁,河南省
2388A,新乡,河南省
2389A,新乡,河南省
2390A,新乡,河南省
2391A,新乡,河南省
2392A,濮阳,河南省
2393A,濮阳,河南省
2394A,濮阳,河南省
2395A,濮阳,河南省
2396A,许昌,河南省
2397A,许昌,河南省
2398A,许昌,河南省
2399A,漯河,河南省
2400A,漯河,河南省
2401A,漯河,河南省
2402A,漯河,河南省
2403A,南阳,河南省
2404A,南阳,河南省
2405A,南阳,河南省
2406A,南阳,河南省
2407A,南阳,河南省
2408A,商丘,河南省
2409A,商丘,河南省
2410A,商丘,河南省
2411A,商丘,河南省
2420A,驻马店,河南省
2421A,驻马店,河南省
2422A,驻马店,河南省
2423A,黄石,湖北省
2424A,黄石,湖北省
2425A,黄石,湖北省
2426A,黄石,湖北省
2427A,黄石,湖北省
2428A,十堰,湖北省
2429A,十堰,湖北省
2430A,十堰,湖北省
2431A,十堰,湖北省
2432A,襄阳,湖北省
2433A,襄阳,湖北省
2434A,襄阳,湖北省
2435A,襄阳,湖北省
2436A,鄂州,湖北省
2437A,鄂州,湖北省
2438A,鄂州,湖北省
2439A,荆门,湖北省
2440A,荆门,湖北省
2441A,荆门,湖北省
2442A,荆门,湖北省
2443A,孝感,湖北省
2444A,孝感,湖北省
2445A,黄冈,湖北省
2446A,黄冈,湖北省
2447A,咸宁,湖北省
2448A,咸宁,湖北省
2449A,咸宁,湖北省
2450A,咸宁,湖北省
2451A,随州,湖北省
2452A,随州,湖北省
2453A,随州,湖北省
2456A,衡阳,湖南省
2457A,衡阳,湖南省
2458A,衡阳,湖南省
2459A,衡阳,湖南省
2460A,衡阳,湖南省
2461A,衡阳,湖南省
2462A,邵阳,湖南省
2463A,邵阳,湖南省
2464A,邵阳,湖南省
2465A,邵阳,湖南省
2466A,邵阳,湖南省
2467A,益阳,湖南省
2468A,益阳,湖南省
2469A,益阳,湖南省
2470A,益阳,湖南省
2471A,益阳,湖南省
2472A,郴州,湖南省
2473A,郴州,湖南省
2474A,郴州,湖南省
2475A,郴州,湖南省
2476A,郴州,湖南省
2477A,永州,湖南省
2478A,永州,湖南省
2479A,永州,湖南省
2480A,永州,湖南省
2481A,永州,湖南省
2482A,怀化,湖南省
2483A,怀化,湖南省
2484A,怀化,湖南省
2485A,怀化,湖南省
2486A,怀化,湖南省
2487A,娄底,湖南省
2488A,娄底,湖南省
2489A,娄底,湖南省
2490A,娄底,湖南省
2491A,娄底,湖南省
2495A,梧州,广西壮族自治区
2496A,梧州,广西壮族自治区
2497A,梧州,广西壮族自治区
2498A,梧州,广西壮族自治区
2499A,防城港,广西壮族自治区
2500A,防城港,广西壮族自治区
2501A,防城港,广西壮族自治区
2502A,钦州,广西壮族自治区
2503A,钦州,广西壮族自治区
2504A,钦州,广西壮族自治区
2505A,贵港,广西壮族自治区
2506A,贵港,广西壮族自治区
2507A,贵港,广西壮族自治区
2508A,贵港,广西壮族自治区
2509A,玉林,广西壮族自治区
2510A,玉林,广西壮族自治区
2511A,玉林,广西壮族自治区
2512A,百色,广西壮族自治区
2513A,百色,广西壮族自治区
2514A,贺州,广西壮族自治区
2515A,贺州,广西壮族自治区
2516A,河池,广西壮族自治区
2517A,河池,广西壮族自治区
2518A,河池,广西壮族自治区
2519A,来宾,广西壮族自治区
2520A,来宾,广西壮族自治区
2521A,崇左,广西壮族自治区
2522A,崇左,广西壮族自治区
2523A,广元,四川省
2524A,广元,四川省
2525A,广元,四川省
2526A,广元,四川省
2527A,遂宁,四川省
2528A,遂宁,四川省
2529A,遂宁,四川省
2530A,遂宁,四川省
2531A,内江,四川省
2532A,内江,四川省
2533A,内江,四川省
2534A,内江,四川省
2535A,乐山,四川省
2536A,乐山,四川省
2537A,乐山,四川省
2538A,乐山,四川省
2539A,眉山,四川省
2540A,眉山,四川省
2541A,眉山,四川省
2542A,眉山,四川省
2543A,广安,四川省
2544A,广安,四川省
2545A,广安,四川省
2546A,广安,四川省
2547A,广安,四川省
2548A,达州,四川省
2549A,达州,四川省
2550A,达州,四川省
2551A,达州,四川省
2552A,达州,四川省
2553A,雅安,四川省
2554A,雅安,四川省
2555A,雅安,四川省
2556A,雅安,四川省
2557A,巴中,四川省
2558A,巴中,四川省
2559A,巴中,四川省
2560A,巴中,四川省
2561A,资阳,四川省
2562A,资阳,四川省
2563A,资阳,四川省
2564A,资阳,四川省
2565A,资阳,四川省
2576A,六盘水,贵州省
2577A,六盘水,贵州省
2578A,六盘水,贵州省
2579A,六盘水,贵州省
2580A,六盘水,贵州省
2581A,安顺,贵州省
2582A,安顺,贵州省
2583A,安顺,贵州省
2584A,安顺,贵州省
2587A,毕节,贵州省
2588A,毕节,贵州省
2594A,保山,云南省
2595A,保山,云南省
2596A,昭通,云南省
2597A,昭通,云南省
2598A,丽江,云南省
2599A,丽江,云南省
2600A,丽江,云南省
2601A,普洱,云南省
2602A,普洱,云南省
2603A,临沧,云南省
2604A,临沧,云南省
2622A,昌都,西藏自治区
2623A,昌都,西藏自治区
2624A,山南,西藏自治区
2625A,山南,西藏自治区
2626A,日喀则,西藏自治区
2627A,日喀则,西藏自治区
2632A,林芝,西藏自治区
2633A,林芝,西藏自治区
2634A,汉中,陕西省
2635A,汉中,陕西省
2636A,汉中,陕西省
2637A,汉中,陕西省
2638A,榆林,陕西省
2639A,榆林,陕西省
2640A,榆林,陕西省
2641A,榆林,陕西省
2642A,安康,陕西省
2643A,安康,陕西省
2644A,安康,陕西省
2645A,商洛,陕西省
2646A,商洛,陕西省
2647A,白银,甘肃省
2648A,白银,甘肃省
2649A,天水,甘肃省
2650A,天水,甘肃省
2651A,天水,甘肃省
2652A,武威,甘肃省
2653A,武威,甘肃省
2654A,张掖,甘肃省
2655A,张掖,甘肃省
2656A,平凉,甘肃省
2657A,平凉,甘肃省
2658A,酒泉,甘肃省
2659A,酒泉,甘肃省
2660A,庆阳,甘肃省
2661A,庆阳,甘肃省
2662A,庆阳,甘肃省
2663A,定西,甘肃省
2664A,定西,甘肃省
2665A,陇南,甘肃省
2666A,陇南,甘肃省
2677A,吴忠,宁夏回族自治区
2678A,吴忠,宁夏回族自治区
2679A,吴忠,宁夏回族自治区
2680A,中卫,宁夏回族自治区
2681A,中卫,宁夏回族自治区
2682A,中卫,宁夏回族自治区
2683A,固原,宁夏回族自治区
2684A,固原,宁夏回族自治区
2685A,固原,宁夏回族自治区
2709A,石河子,新疆维吾尔自治区
2710A,石河子,新疆维吾尔自治区
2711A,五家渠,新疆维吾尔自治区
2835A,攀枝花,四川省
2842A,厦门,福建省
2845A,长治,山西省
2846A,广州,广东省
2858A,天津,天津市
2858A,天津,天津市
2858A,天津,天津市
2858A,天津,天津市
2858A,天津,天津市
2858A,天津,天津市
2858A,天津,天津市
2858A,天津,天津市
2858A,天津,天津市
2858A,天津,天津市
2858A,天津,天津市
2858A,天津,天津市
2858A,天津,天津市
2858A,天津,天津市
2858A,天津,天津市
2858A,天津,天津市
2859A,天津,天津市
2859A,天津,天津市
2859A,天津,天津市
2859A,天津,天津市
2859A,天津,天津市
2859A,天津,天津市
2859A,天津,天津市
2859A,天津,天津市
2859A,天津,天津市
2859A,天津,天津市
2859A,天津,天津市
2859A,天津,天津市
2859A,天津,天津市
2859A,天津,天津市
2859A,天津,天津市
2859A,天津,天津市
2860A,天津,天津市
2860A,天津,天津市
2860A,天津,天津市
2860A,天津,天津市
2860A,天津,天津市
2860A,天津,天津市
2860A,天津,天津市
2860A,天津,天津市
2860A,天津,天津市
2860A,天津,天津市
2860A,天津,天津市
2860A,天津,天津市
2860A,天津,天津市
2860A,天津,天津市
2860A,天津,天津市
2860A,天津,天津市
2862A,石家庄,河北省
2865A,晋中,山西省
2866A,运城,山西省
2867A,吕梁,山西省
2868A,吉林,吉林省
2869A,扬州,江苏省
2870A,镇江,江苏省
2871A,宁波,浙江省
2872A,嘉兴,浙江省
2873A,湖州,浙江省
2874A,淮南,安徽省
2875A,阜阳,安徽省
2876A,潍坊,山东省
2877A,潍坊,山东省
2878A,聊城,山东省
2880A,成都,四川省
2882A,玉溪,云南省
2883A,玉溪,云南省
2884A,嘉峪关,甘肃省
2885A,陇南,甘肃省
2894A,淮南,安徽省
2897A,沈阳,辽宁省
2900A,沈阳,辽宁省
2902A,广安,四川省
2907A,湖州,浙江省
2914A,巴中,四川省
2915A,巴中,四川省
2916A,池州,安徽省
2919A,廊坊,河北省
2920A,漳州,福建省
2921A,绍兴,浙江省
2922A,天津,天津市
2922A,天津,天津市
2922A,天津,天津市
2922A,天津,天津市
2922A,天津,天津市
2922A,天津,天津市
2922A,天津,天津市
2922A,天津,天津市
2922A,天津,天津市
2922A,天津,天津市
2922A,天津,天津市
2922A,天津,天津市
2922A,天津,天津市
2922A,天津,天津市
2922A,天津,天津市
2922A,天津,天津市
2923A,大同,山西省
2924A,银川,宁夏回族自治区
2925A,银川,宁夏回族自治区
2926A,银川,宁夏回族自治区
2929A,黄冈,湖北省
2994A,金华,浙江省
2996A,宿迁,江苏省
2997A,泰州,江苏省
2998A,连云港,江苏省
2999A,连云港,江苏省
3000A,连云港,江苏省
3002A,常州,江苏省
3003A,常州,江苏省
3004A,盐城,江苏省
3005A,徐州,江苏省
3006A,徐州,江苏省
3007A,连云港,江苏省
3008A,连云港,江苏省
3009A,连云港,江苏省
3010A,常州,江苏省
3012A,荆门,湖北省
3018A,临汾,山西省
3019A,三沙,海南省
3020A,天津,天津市
3020A,天津,天津市
3020A,天津,天津市
3020A,天津,天津市
3020A,天津,天津市
3020A,天津,天津市
3020A,天津,天津市
3020A,天津,天津市
3020A,天津,天津市
3020A,天津,天津市
3020A,天津,天津市
3020A,天津,天津市
3020A,天津,天津市
3020A,天津,天津市
3020A,天津,天津市
3020A,天津,天津市
3021A,濮阳,河南省
3022A,洛阳,河南省
3025A,清远,广东省
3026A,潮州,广东省
3027A,自贡,四川省
3028A,自贡,四川省
3033A,乌鲁木齐,新疆维吾尔自治区
3034A,乌兰察布,内蒙古自治区
3036A,东营,山东省
3039A,三门峡,河南省
3045A,商洛,陕西省
3046A,南昌,江西省
3048A,福州,福建省
3051A,天津,天津市
3051A,天津,天津市
3051A,天津,天津市
3051A,天津,天津市
3051A,天津,天津市
3051A,天津,天津市
3051A,天津,天津市
3051A,天津,天津市
3051A,天津,天津市
3051A,天津,天津市
3051A,天津,天津市
3051A,天津,天津市
3051A,天津,天津市
3051A,天津,天津市
3051A,天津,天津市
3051A,天津,天津市
3054A,新乡,河南省
3055A,西宁,青海省
3057A,烟台,山东省
3058A,赤峰,内蒙古自治区
3059A,济南,山东省
3061A,呼伦贝尔,内蒙古自治区
3064A,济南,山东省
3066A,德州,山东省
3109A,赣州,江西省
3122A,安顺,贵州省
3123A,安顺,贵州省
3124A,安顺,贵州省
3125A,安顺,贵州省
3131A,张家口,河北省
3132A,秦皇岛,河北省
3134A,许昌,河南省
3136A,成都,四川省
3137A,眉山,四川省
3138A,常德,湖南省
3139A,常德,湖南省
3140A,常德,湖南省
3141A,安阳,河南省
3147A,开封,河南省
3148A,眉山,四川省
3149A,黄石,湖北省
3151A,宜春,江西省
3153A,武汉,湖北省
3164A,扬州,江苏省
3165A,咸阳,陕西省
3169A,焦作,河南省
3170A,金昌,甘肃省
3171A,商丘,河南省
3173A,安庆,安徽省
3178A,潍坊,山东省
3179A,昆明,云南省
3182A,巴中,四川省
3183A,巴中,四川省
3184A,哈尔滨,黑龙江省
3185A,太原,山西省
3186A,兰州,甘肃省
3187A,宿州,安徽省
3188A,衡水,河北省
3190A,九江,江西省
3191A,宿迁,江苏省
3194A,荆州,湖北省
3195A,扬州,江苏省
3200A,聊城,山东省
3201A,武威,甘肃省
3204A,平顶山,河南省
3206A,新余,江西省
3207A,滁州,安徽省
3208A,忻州,山西省
3209A,宁德,福建省
3210A,开封,河南省
3216A,漳州,福建省
3237A,池州,安徽省
3238A,芜湖,安徽省
3239A,辽源,吉林省
3241A,兰州,甘肃省
3242A,兰州,甘肃省
3247A,陇南,甘肃省
3248A,嘉峪关,甘肃省
3281A,北京,北京市
3281A,北京,北京市
3281A,北京,北京市
3281A,北京,北京市
3281A,北京,北京市
3281A,北京,北京市
3281A,北京,北京市
3281A,北京,北京市
3281A,北京,北京市
3281A,北京,北京市
3281A,北京,北京市
3281A,北京,北京市
3281A,北京,北京市
3281A,北京,北京市
3281A,北京,北京市
3281A,北京,北京市
3282A,大同,山西省
3283A,包头,内蒙古自治区
3284A,乌海,内蒙古自治区
3285A,乌兰察布,内蒙古自治区
3286A,赤峰,内蒙古自治区
3287A,镇江,江苏省
3288A,徐州,江苏省
3289A,苏州,江苏省
3290A,苏州,江苏省
3291A,南通,江苏省
3293A,盐城,江苏省
3294A,扬州,江苏省
3295A,泰州,江苏省
3298A,广州,广东省
3299A,广州,广东省
3300A,广州,广东省
3301A,广州,广东省
3302A,广州,广东省
3303A,广州,广东省
3304A,广州,广东省
3305A,深圳,广东省
3306A,深圳,广东省
3307A,深圳,广东省
3308A,珠海,广东省
3311A,江门,广东省
3313A,肇庆,广东省
3314A,惠州,广东省
3315A,梅州,广东省
3317A,阳江,广东省
3318A,清远,广东省
3319A,东莞,广东省
3320A,揭阳,广东省
3323A,张家口,河北省
3324A,沧州,河北省
3325A,天津,天津市
3325A,天津,天津市
3325A,天津,天津市
3325A,天津,天津市
3325A,天津,天津市
3325A,天津,天津市
3325A,天津,天津市
3325A,天津,天津市
3325A,天津,天津市
3325A,天津,天津市
3325A,天津,天津市
3325A,天津,天津市
3325A,天津,天津市
3325A,天津,天津市
3325A,天津,天津市
3325A,天津,天津市
3326A,天津,天津市
3326A,天津,天津市
3326A,天津,天津市
3326A,天津,天津市
3326A,天津,天津市
3326A,天津,天津市
3326A,天津,天津市
3326A,天津,天津市
3326A,天津,天津市
3326A,天津,天津市
3326A,天津,天津市
3326A,天津,天津市
3326A,天津,天津市
3326A,天津,天津市
3326A,天津,天津市
3326A,天津,天津市
3327A,天津,天津市
3327A,天津,天津市
3327A,天津,天津市
3327A,天津,天津市
3327A,天津,天津市
3327A,天津,天津市
3327A,天津,天津市
3327A,天津,天津市
3327A,天津,天津市
3327A,天津,天津市
3327A,天津,天津市
3327A,天津,天津市
3327A,天津,天津市
3327A,天津,天津市
3327A,天津,天津市
3327A,天津,天津市
3328A,芜湖,安徽省
3329A,淮南,安徽省
3330A,淮北,安徽省
3331A,滁州,安徽省
3332A,亳州,安徽省
3333A,池州,安徽省
3334A,池州,安徽省
3335A,焦作,河南省
3336A,焦作,河南省
3337A,许昌,河南省
3338A,许昌,河南省
3339A,驻马店,河南省
3340A,洛阳,河南省
3341A,洛阳,河南省
3342A,伊春,黑龙江省
3343A,伊春,黑龙江省
3344A,伊春,黑龙江省
3345A,七台河,黑龙江省
3357A,成都,四川省
3358A,成都,四川省
3359A,成都,四川省
3360A,自贡,四川省
3361A,乐山,四川省
3362A,青岛,山东省
3363A,淄博,山东省
3364A,枣庄,山东省
3365A,东营,山东省
3366A,烟台,山东省
3368A,潍坊,山东省
3369A,临沂,山东省
3370A,临沂,山东省
3371A,德州,山东省
3372A,德州,山东省
3374A,菏泽,山东省
3375A,昆明,云南省
3376A,曲靖,云南省
3377A,曲靖,云南省
3378A,营口,辽宁省
3379A,营口,辽宁省
3396A,襄阳,湖北省
3397A,襄阳,湖北省
3398A,黄冈,湖北省
3399A,衡阳,湖南省
3400A,北海,广西壮族自治区
3401A,南宁,广西壮族自治区
3402A,柳州,广西壮族自治区
3403A,桂林,广西壮族自治区
3404A,钦州,广西壮族自治区
3405A,贵港,广西壮族自治区
3406A,百色,广西壮族自治区
3407A,嘉兴,浙江省
3408A,绍兴,浙江省
3409A,绍兴,浙江省
3410A,绍兴,浙江省
3411A,绍兴,浙江省
3413A,上饶,江西省
3415A,宜春,江西省
3416A,潍坊,山东省
3417A,北京,北京市
3417A,北京,北京市
3417A,北京,北京市
3417A,北京,北京市
3417A,北京,北京市
3417A,北京,北京市
3417A,北京,北京市
3417A,北京,北京市
3417A,北京,北京市
3417A,北京,北京市
3417A,北京,北京市
3417A,北京,北京市
3417A,北京,北京市
3417A,北京,北京市
3417A,北京,北京市
3417A,北京,北京市
3418A,北京,北京市
3418A,北京,北京市
3418A,北京,北京市
3418A,北京,北京市
3418A,北京,北京市
3418A,北京,北京市
3418A,北京,北京市
3418A,北京,北京市
3418A,北京,北京市
3418A,北京,北京市
3418A,北京,北京市
3418A,北京,北京市
3418A,北京,北京市
3418A,北京,北京市
3418A,北京,北京市
3418A,北京,北京市
3419A,包头,内蒙古自治区
3421A,乌兰察布,内蒙古自治区
3422A,南京,江苏省
3423A,南京,江苏省
3424A,南京,江苏省
3425A,苏州,江苏省
3426A,淮安,江苏省
3427A,南京,江苏省
3428A,无锡,江苏省
3429A,常州,江苏省
3430A,常州,江苏省
3431A,苏州,江苏省
3432A,南通,江苏省
3434A,连云港,江苏省
3435A,泰州,江苏省
3436A,盐城,江苏省
3437A,乌鲁木齐,新疆维吾尔自治区
3438A,乌鲁木齐,新疆维吾尔自治区
3439A,乌鲁木齐,新疆维吾尔自治区
3440A,乌鲁木齐,新疆维吾尔自治区
3441A,五家渠,新疆维吾尔自治区
3442A,石河子,新疆维吾尔自治区
3443A,广州,广东省
3444A,汕头,广东省
3445A,广州,广东省
3446A,广州,广东省
3447A,深圳,广东省
3448A,珠海,广东省
3449A,江门,广东省
3450A,茂名,广东省
3451A,肇庆,广东省
3452A,惠州,广东省
3453A,阳江,广东省
3454A,中山,广东省
3455A,清远,广东省
3456A,石家庄,河北省
3457A,唐山,河北省
3458A,邯郸,河北省
3459A,衡水,河北省
3460A,天津,天津市
3460A,天津,天津市
3460A,天津,天津市
3460A,天津,天津市
3460A,天津,天津市
3460A,天津,天津市
3460A,天津,天津市
3460A,天津,天津市
3460A,天津,天津市
3460A,天津,天津市
3460A,天津,天津市
3460A,天津,天津市
3460A,天津,天津市
3460A,天津,天津市
3460A,天津,天津市
3460A,天津,天津市
3461A,天津,天津市
3461A,天津,天津市
3461A,天津,天津市
3461A,天津,天津市
3461A,天津,天津市
3461A,天津,天津市
3461A,天津,天津市
3461A,天津,天津市
3461A,天津,天津市
3461A,天津,天津市
3461A,天津,天津市
3461A,天津,天津市
3461A,天津,天津市
3461A,天津,天津市
3461A,天津,天津市
3461A,天津,天津市
3462A,天津,天津市
3462A,天津,天津市
3462A,天津,天津市
3462A,天津,天津市
3462A,天津,天津市
3462A,天津,天津市
3462A,天津,天津市
3462A,天津,天津市
3462A,天津,天津市
3462A,天津,天津市
3462A,天津,天津市
3462A,天津,天津市
3462A,天津,天津市
3462A,天津,天津市
3462A,天津,天津市
3462A,天津,天津市
3463A,宿州,安徽省
3464A,合肥,安徽省
3465A,芜湖,安徽省
3466A,芜湖,安徽省
3468A,阜阳,安徽省
3469A,阜阳,安徽省
3470A,宣城,安徽省
3471A,郑州,河南省
3473A,开封,河南省
3474A,鹤壁,河南省
3475A,新乡,河南省
3476A,新乡,河南省
3477A,焦作,河南省
3478A,漯河,河南省
3479A,漯河,河南省
3480A,伊春,黑龙江省
3481A,大庆,黑龙江省
3486A,四平,吉林省
3487A,成都,四川省
3488A,成都,四川省
3489A,成都,四川省
3490A,泸州,四川省
3491A,绵阳,四川省
3492A,绵阳,四川省
3494A,济南,山东省
3495A,济南,山东省
3496A,临沂,山东省
3498A,东营,山东省
3500A,济宁,山东省
3501A,济宁,山东省
3502A,泰安,山东省
3503A,泰安,山东省
3504A,泰安,山东省
3505A,威海,山东省
3507A,日照,山东省
3511A,德州,山东省
3512A,聊城,山东省
3513A,聊城,山东省
3514A,滨州,山东省
3515A,滨州,山东省
3516A,滨州,山东省
3520A,石嘴山,宁夏回族自治区
3521A,石嘴山,宁夏回族自治区
3522A,固原,宁夏回族自治区
3523A,银川,宁夏回族自治区
3524A,西安,陕西省
3525A,咸阳,陕西省
3526A,福州,福建省
3527A,厦门,福建省
3528A,厦门,福建省
3529A,泉州,福建省
3530A,漳州,福建省
3531A,桂林,广西壮族自治区
3532A,玉林,广西壮族自治区
3533A,玉林,广西壮族自治区
3534A,贺州,广西壮族自治区
3535A,来宾,广西壮族自治区
3536A,遵义,贵州省
3537A,毕节,贵州省
3539A,海口,海南省
3540A,三亚,海南省
3541A,儋州,海南省
3542A,儋州,海南省
3543A,三沙,海南省
3545A,十堰,湖北省
3546A,宜昌,湖北省
3547A,荆门,湖北省
3548A,荆州,湖北省
3550A,昆明,云南省
3551A,昆明,云南省
3552A,昆明,云南省
3557A,杭州,浙江省
3558A,杭州,浙江省
3560A,绍兴,浙江省
3561A,温州,浙江省
3562A,湖州,浙江省
3564A,台州,浙江省
3565A,大同,山西省
3566A,大同,山西省
3567A,大同,山西省
3568A,长治,山西省
3569A,长治,山西省
3570A,长治,山西省
3571A,朔州,山西省
3572A,石家庄,河北省
3573A,石家庄,河北省
3574A,石家庄,河北省
3575A,唐山,河北省
3576A,唐山,河北省
3577A,唐山,河北省
3578A,唐山,河北省
3579A,邯郸,河北省
3580A,邯郸,河北省
3581A,保定,河北省
3582A,保定,河北省
3583A,保定,河北省
3590A,郑州,河南省
3591A,郑州,河南省
3592A,开封,河南省
3593A,洛阳,河南省
3594A,平顶山,河南省
3596A,鹤壁,河南省
3597A,许昌,河南省
3598A,三门峡,河南省
3604A,日照,山东省
3605A,西安,陕西省
3612A,克拉玛依,新疆维吾尔自治区
3616A,巴中,四川省
3617A,广元,四川省
3618A,太原,山西省
3619A,阳泉,山西省
3620A,晋城,山西省
3621A,乌海,内蒙古自治区
3622A,韶关,广东省
3623A,深圳,广东省
3624A,汕头,广东省
3625A,佛山,广东省
3626A,东莞,广东省
3627A,东莞,广东省
3628A,云浮,广东省
3629A,西宁,青海省
3630A,西宁,青海省
3631A,石家庄,河北省
3633A,马鞍山,安徽省
3634A,宿州,安徽省
3635A,洛阳,河南省
3636A,洛阳,河南省
3637A,七台河,黑龙江省
3638A,自贡,四川省
3639A,德阳,四川省
3642A,青岛,山东省
3643A,青岛,山东省
3644A,淄博,山东省
3645A,淄博,山东省
3646A,东营,山东省
3647A,菏泽,山东省
3648A,吴忠,宁夏回族自治区
3650A,中卫,宁夏回族自治区
3651A,铜川,陕西省
3652A,延安,陕西省
3653A,宜昌,湖北省
3654A,鄂州,湖北省
3655A,咸宁,湖北省
3656A,杭州,浙江省
3658A,绍兴,浙江省
3659A,金华,浙江省
3661A,太原,山西省
3662A,齐齐哈尔,黑龙江省
3664A,连云港,江苏省
3667A,运城,山西省
3668A,临汾,山西省
3669A,安阳,河南省
3670A,运城,山西省
3671A,北京,北京市
3671A,北京,北京市
3671A,北京,北京市
3671A,北京,北京市
3671A,北京,北京市
3671A,北京,北京市
3671A,北京,北京市
3671A,北京,北京市
3671A,北京,北京市
3671A,北京,北京市
3671A,北京,北京市
3671A,北京,北京市
3671A,北京,北京市
3671A,北京,北京市
3671A,北京,北京市
3671A,北京,北京市
3672A,北京,北京市
3672A,北京,北京市
3672A,北京,北京市
3672A,北京,北京市
3672A,北京,北京市
3672A,北京,北京市
3672A,北京,北京市
3672A,北京,北京市
3672A,北京,北京市
3672A,北京,北京市
3672A,北京,北京市
3672A,北京,北京市
3672A,北京,北京市
3672A,北京,北京市
3672A,北京,北京市
3672A,北京,北京市
3673A,北京,北京市
3673A,北京,北京市
3673A,北京,北京市
3673A,北京,北京市
3673A,北京,北京市
3673A,北京,北京市
3673A,北京,北京市
3673A,北京,北京市
3673A,北京,北京市
3673A,北京,北京市
3673A,北京,北京市
3673A,北京,北京市
3673A,北京,北京市
3673A,北京,北京市
3673A,北京,北京市
3673A,北京,北京市
3674A,北京,北京市
3674A,北京,北京市
3674A,北京,北京市
3674A,北京,北京市
3674A,北京,北京市
3674A,北京,北京市
3674A,北京,北京市
3674A,北京,北京市
3674A,北京,北京市
3674A,北京,北京市
3674A,北京,北京市
3674A,北京,北京市
3674A,北京,北京市
3674A,北京,北京市
3674A,北京,北京市
3674A,北京,北京市
3675A,北京,北京市
3675A,北京,北京市
3675A,北京,北京市
3675A,北京,北京市
3675A,北京,北京市
3675A,北京,北京市
3675A,北京,北京市
3675A,北京,北京市
3675A,北京,北京市
3675A,北京,北京市
3675A,北京,北京市
3675A,北京,北京市
3675A,北京,北京市
3675A,北京,北京市
3675A,北京,北京市
3675A,北京,北京市
3676A,大同,山西省
3678A,济宁,山东省
3682A,济南,山东省
3683A,包头,内蒙古自治区
3684A,七台河,黑龙江省
3685A,上饶,江西省
3689A,新乡,河南省
3690A,南昌,江西省
3692A,唐山,河北省
3693A,唐山,河北省
3694A,北京,北京市
3694A,北京,北京市
3694A,北京,北京市
3694A,北京,北京市
3694A,北京,北京市
3694A,北京,北京市
3694A,北京,北京市
3694A,北京,北京市
3694A,北京,北京市
3694A,北京,北京市
3694A,北京,北京市
3694A,北京,北京市
3694A,北京,北京市
3694A,北京,北京市
3694A,北京,北京市
3694A,北京,北京市
3695A,北京,北京市
3695A,北京,北京市
3695A,北京,北京市
3695A,北京,北京市
3695A,北京,北京市
3695A,北京,北京市
3695A,北京,北京市
3695A,北京,北京市
3695A,北京,北京市
3695A,北京,北京市
3695A,北京,北京市
3695A,北京,北京市
3695A,北京,北京市
3695A,北京,北京市
3695A,北京,北京市
3695A,北京,北京市
3696A,北京,北京市
3696A,北京,北京市
3696A,北京,北京市
3696A,北京,北京市
3696A,北京,北京市
3696A,北京,北京市
3696A,北京,北京市
3696A,北京,北京市
3696A,北京,北京市
3696A,北京,北京市
3696A,北京,北京市
3696A,北京,北京市
3696A,北京,北京市
3696A,北京,北京市
3696A,北京,北京市
3696A,北京,北京市
3697A,北京,北京市
3697A,北京,北京市
3697A,北京,北京市
3697A,北京,北京市
3697A,北京,北京市
3697A,北京,北京市
3697A,北京,北京市
3697A,北京,北京市
3697A,北京,北京市
3697A,北京,北京市
3697A,北京,北京市
3697A,北京,北京市
3697A,北京,北京市
3697A,北京,北京市
3697A,北京,北京市
3697A,北京,北京市
3698A,呼和浩特,内蒙古自治区
3699A,呼和浩特,内蒙古自治区
3700A,雅安,四川省
3701A,宿州,安徽省
3703A,安阳,河南省
3706A,通辽,内蒙古自治区
3707A,鸡西,黑龙江省
3708A,通辽,内蒙古自治区
3709A,鸡西,黑龙江省
3710A,宁波,浙江省
3713A,四平,吉林省
3715A,蚌埠,安徽省
3719A,昌都,西藏自治区
3726A,日喀则,西藏自治区
3728A,宜宾,四川省
3734A,东营,山东省
